<?xml version="1.0" encoding="UTF-8"?>
<ListView items="{{ messages }}" class="list-group">
    <ListView.itemTemplate>
        <GridLayout columns="*" rows="auto" class="p-2">
            <StackLayout col="0" class="{{ isMine ? 'ml-10' : 'mr-10' }}">
                <Label text="{{ sender }}" class="text-xs text-gray-500 {{ isMine ? 'text-right' : 'text-left' }}" />
                <Label text="{{ text }}" textWrap="true" 
                    class="{{ isMine ? 'bg-blue-500 text-white' : 'bg-gray-200' }} p-3 rounded-lg" />
                <Label text="{{ timestamp, 'HH:mm' }}" class="text-xs text-gray-400 {{ isMine ? 'text-right' : 'text-left' }}" />
            </StackLayout>
        </GridLayout>
    </ListView.itemTemplate>
</ListView>